{
  "AxisCntrlDeadband": [
    0.625,
    0.6010452961672473
  ],
  "AxisCntrlDeadbandTime": [
    0.6937086092715232,
    0.5993031358885017
  ],
  "AxisCntrlIPartHL": [
    0.35596026490066224,
    0.37630662020905925
  ],
  "AxisCntrlIPartLL": [
    0.35513245033112584,
    0.5505226480836237
  ],
  "AxisCntrlInnerKd": [
    0.3609271523178808,
    0.1951219512195122
  ],
  "AxisCntrlInnerKi": [
    0.3609271523178808,
    0.13588850174216027
  ],
  "AxisCntrlInnerKp": [
    0.3609271523178808,
    0.07665505226480836
  ],
  "AxisCntrlInnerTol": [
    0.18625827814569537,
    0.17247386759581881
  ],
  "AxisCntrlKd": [
    0.2905629139072848,
    0.1951219512195122
  ],
  "AxisCntrlKff": [
    0.5140728476821192,
    0.25261324041811845
  ],
  "AxisCntrlKi": [
    0.2905629139072848,
    0.13588850174216027
  ],
  "AxisCntrlKp": [
    0.2905629139072848,
    0.078397212543554
  ],
  "AxisCntrlOutHL": [
    0.5438741721854304,
    0.3780487804878049
  ],
  "AxisCntrlOutLL": [
    0.5438741721854304,
    0.5505226480836237
  ],
  "AxisDrvScaleDenom": [
    0.7756622516556292,
    0.40069686411149824
  ],
  "AxisDrvScaleNum": [
    0.7748344370860927,
    0.3397212543554007
  ],
  "AxisEncScaleDenom": [
    0.4826158940397351,
    0.9094076655052264
  ],
  "AxisEncScaleNum": [
    0.4826158940397351,
    0.8519163763066202
  ],
  "AxisMonAtTargetTime": [
    0.1456953642384106,
    0.7456445993031359
  ],
  "AxisMonAtTargetTol": [
    0.08112582781456953,
    0.7456445993031359
  ]
}