{
  "AxisCntrlDeadband": [
    0.625,
    0.6010452961672473
  ],
  "AxisCntrlDeadbandTime": [
    0.7118451025056948,
    0.5995203836930456
  ],
  "AxisCntrlIPartHL": [
    0.35596026490066224,
    0.37630662020905925
  ],
  "AxisCntrlIPartLL": [
    0.35513245033112584,
    0.5505226480836237
  ],
  "AxisCntrlInnerKd": [
    0.3952164009111617,
    0.20623501199040767
  ],
  "AxisCntrlInnerKi": [
    0.3952164009111617,
    0.14148681055155876
  ],
  "AxisCntrlInnerKp": [
    0.3952164009111617,
    0.07673860911270983
  ],
  "AxisCntrlInnerTol": [
    0.19134396355353075,
    0.17026378896882494
  ],
  "AxisCntrlKd": [
    0.30182232346241455,
    0.21103117505995203
  ],
  "AxisCntrlKff": [
    0.5284738041002278,
    0.2517985611510791
  ],
  "AxisCntrlKi": [
    0.30182232346241455,
    0.14628297362110312
  ],
  "AxisCntrlKp": [
    0.30182232346241455,
    0.0815347721822542
  ],
  "AxisCntrlOutHL": [
    0.5296127562642369,
    0.37410071942446044
  ],
  "AxisCntrlOutLL": [
    0.5318906605922551,
    0.5539568345323741
  ],
  "AxisDrvScaleDenom": [
    0.7835990888382688,
    0.40047961630695444
  ],
  "AxisDrvScaleNum": [
    0.7824601366742597,
    0.328537170263789
  ],
  "AxisEncScaleDenom": [
    0.49430523917995445,
    0.9256594724220624
  ],
  "AxisEncScaleNum": [
    0.49430523917995445,
    0.8513189448441247
  ],
  "AxisMonAtTargetTime": [
    0.17198177676537585,
    0.7434052757793765
  ],
  "AxisMonAtTargetTol": [
    0.08112582781456953,
    0.7456445993031359
  ]
}